use core;
/*---------------------------------------- ZERO-PORTAL AND System User AND Bpartner ------------------------------------------*/
INSERT INTO co_portal
(`ID`,`CREATEDBY`,`UPDATEDBY`,`NAME`,`DOMAIN_NAME`)
VALUES(0,0,0,'zero-portal','');
INSERT INTO cm_bpartner
(`ID`,`CREATEDBY`,`CODE`,`NAME`,`SECOND_NAME`,`UPDATEDBY`,`PERSONTYPE`)
VALUES(0,0,'0','system','system',0,0);
INSERT INTO co_user(`ID`,`USERNAME`,`PASSWORD`,`CREATEDBY`,`UPDATEDBY`,`CM_BPARTNER_ID`,`CO_PORTAL_ID`)
VALUES(0,'system','s1st3m',0,0,0,0);
INSERT INTO CO_APPLICATION(name,secret_key,createdby,updatedby,token_validity,scope) VALUES('DefaultUI','&^!G#W*t00',0,0,2147483647,'READ,WRITE');
/*---------------------------------------- CO_SEQUENCE ------------------------------------------*/
INSERT INTO CO_SEQUENCE(ID,TABLE_NAME,CURRENT_ID) VALUES(1,'CM_BPARTNER',1000);
INSERT INTO CO_SEQUENCE(ID,TABLE_NAME,CURRENT_ID) VALUES(2,'CM_CITY',1000);
INSERT INTO CO_SEQUENCE(ID,TABLE_NAME,CURRENT_ID) VALUES(3,'CM_COMPANY_BPARTNER',1000);
INSERT INTO CO_SEQUENCE(ID,TABLE_NAME,CURRENT_ID) VALUES(4,'CM_COUNTRY',1000);
INSERT INTO CO_SEQUENCE(ID,TABLE_NAME,CURRENT_ID) VALUES(5,'CM_CURRENCY',1000);
INSERT INTO CO_SEQUENCE(ID,TABLE_NAME,CURRENT_ID) VALUES(6,'CM_CUSTOMER',1000);
INSERT INTO CO_SEQUENCE(ID,TABLE_NAME,CURRENT_ID) VALUES(7,'CM_DOCTYPE',1000);
INSERT INTO CO_SEQUENCE(ID,TABLE_NAME,CURRENT_ID) VALUES(8,'CM_DOCTYPE_DIMENSION',1000);
INSERT INTO CO_SEQUENCE(ID,TABLE_NAME,CURRENT_ID) VALUES(9,'CM_DOC_STATUS',1000);
INSERT INTO CO_SEQUENCE(ID,TABLE_NAME,CURRENT_ID) VALUES(10,'CM_EMPLOYEE',1000);
INSERT INTO CO_SEQUENCE(ID,TABLE_NAME,CURRENT_ID) VALUES(11,'CM_FISCALYEAR',1000);
INSERT INTO CO_SEQUENCE(ID,TABLE_NAME,CURRENT_ID) VALUES(12,'CM_LOCATION',1000);
INSERT INTO CO_SEQUENCE(ID,TABLE_NAME,CURRENT_ID) VALUES(13,'CM_ORGANIZATION',1000);
INSERT INTO CO_SEQUENCE(ID,TABLE_NAME,CURRENT_ID) VALUES(14,'CM_PERSON_BPARTNER',1000);
INSERT INTO CO_SEQUENCE(ID,TABLE_NAME,CURRENT_ID) VALUES(15,'CM_PROVINCE',1000);
INSERT INTO CO_SEQUENCE(ID,TABLE_NAME,CURRENT_ID) VALUES(16,'CM_REGION',1000);
INSERT INTO CO_SEQUENCE(ID,TABLE_NAME,CURRENT_ID) VALUES(17,'CM_STATE',1000);
INSERT INTO CO_SEQUENCE(ID,TABLE_NAME,CURRENT_ID) VALUES(18,'CM_SUBSYSTEM',1000);
INSERT INTO CO_SEQUENCE(ID,TABLE_NAME,CURRENT_ID) VALUES(19,'CM_SUPPLIER',1000);
INSERT INTO CO_SEQUENCE(ID,TABLE_NAME,CURRENT_ID) VALUES(20,'CM_SYSTEM',1000);
INSERT INTO CO_SEQUENCE(ID,TABLE_NAME,CURRENT_ID) VALUES(21,'CM_TRANSITION',1000);
INSERT INTO CO_SEQUENCE(ID,TABLE_NAME,CURRENT_ID) VALUES(22,'CM_TRANSITION_HISTORY',1000);
INSERT INTO CO_SEQUENCE(ID,TABLE_NAME,CURRENT_ID) VALUES(23,'CO_ACTION',1000);
INSERT INTO CO_SEQUENCE(ID,TABLE_NAME,CURRENT_ID) VALUES(24,'CO_APPLICATION',1000);
INSERT INTO CO_SEQUENCE(ID,TABLE_NAME,CURRENT_ID) VALUES(25,'CO_APP_REFRESH_TOKEN',1000);
INSERT INTO CO_SEQUENCE(ID,TABLE_NAME,CURRENT_ID) VALUES(26,'CO_APP_USCS_ACCSS',1000);
INSERT INTO CO_SEQUENCE(ID,TABLE_NAME,CURRENT_ID) VALUES(27,'CO_ATTACHMENT',1000);
INSERT INTO CO_SEQUENCE(ID,TABLE_NAME,CURRENT_ID) VALUES(28,'CO_MENU',1000);
INSERT INTO CO_SEQUENCE(ID,TABLE_NAME,CURRENT_ID) VALUES(29,'CO_PORTAL',1000);
INSERT INTO CO_SEQUENCE(ID,TABLE_NAME,CURRENT_ID) VALUES(30,'CO_PORTAL_SYS_ACCSS',1000);
INSERT INTO CO_SEQUENCE(ID,TABLE_NAME,CURRENT_ID) VALUES(31,'CO_REVISION',1000);
INSERT INTO CO_SEQUENCE(ID,TABLE_NAME,CURRENT_ID) VALUES(32,'CO_ROLE',1000);
INSERT INTO CO_SEQUENCE(ID,TABLE_NAME,CURRENT_ID) VALUES(33,'CO_ROLE_ORGANIZATION_ACSS',1000);
INSERT INTO CO_SEQUENCE(ID,TABLE_NAME,CURRENT_ID) VALUES(34,'CO_ROLE_SUBSYSTEM_ACSS',1000);
INSERT INTO CO_SEQUENCE(ID,TABLE_NAME,CURRENT_ID) VALUES(35,'CO_ROLE_USCS_ACTN_ACCS',1000);
INSERT INTO CO_SEQUENCE(ID,TABLE_NAME,CURRENT_ID) VALUES(36,'CO_ROLE_USECASE_ACSS',1000);
INSERT INTO CO_SEQUENCE(ID,TABLE_NAME,CURRENT_ID) VALUES(37,'CO_SETTINGS',1000);
INSERT INTO CO_SEQUENCE(ID,TABLE_NAME,CURRENT_ID) VALUES(38,'CO_USECASE',1000);
INSERT INTO CO_SEQUENCE(ID,TABLE_NAME,CURRENT_ID) VALUES(39,'CO_USECASE_ACTION',1000);
INSERT INTO CO_SEQUENCE(ID,TABLE_NAME,CURRENT_ID) VALUES(40,'CO_USER',1000);
INSERT INTO CO_SEQUENCE(ID,TABLE_NAME,CURRENT_ID) VALUES(41,'CO_USER_APP_TOKEN',1000);
INSERT INTO CO_SEQUENCE(ID,TABLE_NAME,CURRENT_ID) VALUES(42,'CO_USER_LOG',1000);
INSERT INTO CO_SEQUENCE(ID,TABLE_NAME,CURRENT_ID) VALUES(43,'CO_USER_LOG_DTL',1000);
INSERT INTO CO_SEQUENCE(ID,TABLE_NAME,CURRENT_ID) VALUES(44,'CO_USER_ORGANIZATION_ACSS',1000);
INSERT INTO CO_SEQUENCE(ID,TABLE_NAME,CURRENT_ID) VALUES(45,'CO_USER_ROLES',1000);
INSERT INTO CO_SEQUENCE(ID,TABLE_NAME,CURRENT_ID) VALUES(46,'CO_USER_USECASE_ACSS',1000);
INSERT INTO CO_SEQUENCE(ID,TABLE_NAME,CURRENT_ID) VALUES(47,'CO_USR_USCS_ACTN_ACCS',1000);
/*---------------------------------------- CM_SYSTEM ------------------------------------------*/
INSERT INTO CM_SYSTEM (`ID`,`CREATEDBY`,`UPDATEDBY`,`NAME`,`ICON`,`ABBREVIATION`,`DELETED`)VALUES(0,0,0,'core',null,'Co',0);
INSERT INTO CM_SYSTEM (`ID`,`CREATEDBY`,`UPDATEDBY`,`NAME`,`ICON`,`ABBREVIATION`,`DELETED`)VALUES(1,0,0,'common',null,'Cm',0);
/*---------------------------------------- CM_SUBSYSTEM ------------------------------------------*/
INSERT INTO CM_SUBSYSTEM(`ID`,`NAME`,`CM_SYSTEM_ID`,`CREATEDBY`,`UPDATEDBY`,`ICON`,`ABBREVIATION`,`DELETED`)VALUES(0,'security',0,0,0,null,'Se',0);
INSERT INTO CM_SUBSYSTEM(`ID`,`NAME`,`CM_SYSTEM_ID`,`CREATEDBY`,`UPDATEDBY`,`ICON`,`ABBREVIATION`,`DELETED`)VALUES(1,'basic iformation',1,0,0,null,'Bi',0);
/*---------------------------------------- CO_USECASE------------------------------------------*/
INSERT INTO CO_USECASE(`ID`,`NAME`,`CREATEDBY`,`UPDATEDBY`,`CM_SUBSYSTEM_ID`,`DELETED`)VALUES(0,'users',0,0,0,0);
INSERT INTO CO_USECASE(`ID`,`NAME`,`CREATEDBY`,`UPDATEDBY`,`CM_SUBSYSTEM_ID`,`DELETED`)VALUES(1,'businessPartners',0,0,1,0);
/*---------------------------------------- CO_ACTION------------------------------------------*/
INSERT INTO CO_ACTION(`ID`,`CREATEDBY`,`UPDATEDBY`,`NAME`,`METHODNAME`,`DELETED`) values(1,1,1,'save','save',0);
INSERT INTO CO_ACTION(`ID`,`CREATEDBY`,`UPDATEDBY`,`NAME`,`METHODNAME`,`DELETED`) values(2,1,1,'delete','delete',0);
INSERT INTO CO_ACTION(`ID`,`CREATEDBY`,`UPDATEDBY`,`NAME`,`METHODNAME`,`DELETED`) values(3,1,1,'update','update',0);
INSERT INTO CO_ACTION(`ID`,`CREATEDBY`,`UPDATEDBY`,`NAME`,`METHODNAME`,`DELETED`) values(4,1,1,'report','report',0);
INSERT INTO CO_ACTION(`ID`,`CREATEDBY`,`UPDATEDBY`,`NAME`,`METHODNAME`,`DELETED`) values(5,1,1,'search','search',0);
INSERT INTO CO_ACTION(`ID`,`CREATEDBY`,`UPDATEDBY`,`NAME`,`METHODNAME`,`DELETED`) values(6,1,1,'importData','importData',0);
INSERT INTO CO_ACTION(`ID`,`CREATEDBY`,`UPDATEDBY`,`NAME`,`METHODNAME`,`DELETED`) values(7,1,1,'process','process',0);
INSERT INTO CO_ACTION(`ID`,`CREATEDBY`,`UPDATEDBY`,`NAME`,`METHODNAME`,`DELETED`) values(8,1,1,'view','view',0);
INSERT INTO CO_ACTION(`ID`,`CREATEDBY`,`UPDATEDBY`,`NAME`,`METHODNAME`,`DELETED`) values(10,1,1,'clean','clean',0);
INSERT INTO CO_ACTION(`ID`,`CREATEDBY`,`UPDATEDBY`,`NAME`,`METHODNAME`,`DELETED`) values(11,1,1,'changePassword','changePassword',0);
INSERT INTO CO_ACTION(`ID`,`CREATEDBY`,`UPDATEDBY`,`NAME`,`METHODNAME`,`DELETED`) values(12,1,1,'download','download',0);
INSERT INTO CO_ACTION(`ID`,`CREATEDBY`,`UPDATEDBY`,`NAME`,`METHODNAME`,`DELETED`) values(13,1,1,'config','config',0);
INSERT INTO CO_ACTION(`ID`,`CREATEDBY`,`UPDATEDBY`,`NAME`,`METHODNAME`,`DELETED`) values(14,1,1,'confirm','confirm',0);
INSERT INTO CO_ACTION(`ID`,`CREATEDBY`,`UPDATEDBY`,`NAME`,`METHODNAME`,`DELETED`) values(15,1,1,'changeOrganization','changeOrganization',0);
INSERT INTO CO_ACTION(`ID`,`CREATEDBY`,`UPDATEDBY`,`NAME`,`METHODNAME`,`DELETED`) values(16,1,1,'exportData','exportData',0);
INSERT INTO CO_ACTION(`ID`,`CREATEDBY`,`UPDATEDBY`,`NAME`,`METHODNAME`,`DELETED`) values(17,1,1,'lock','lock',0);
INSERT INTO CO_ACTION(`ID`,`CREATEDBY`,`UPDATEDBY`,`NAME`,`METHODNAME`,`DELETED`) values(18,1,1,'unlock','unlock',0);
INSERT INTO CO_ACTION(`ID`,`CREATEDBY`,`UPDATEDBY`,`NAME`,`METHODNAME`,`DELETED`) values(19,1,1,'updateFromDashboard','updateFromDashboard',0);
/*---------------------------------------- CO_USECASE_ACTION------------------------------------------*/
													  /*user action*/	
INSERT INTO `CO_USECASE_ACTION`(`ID`,`CO_USECASE_ID`,`CO_ACTION_ID`,`CREATEDBY`,`UPDATEDBY`,`DELETED`)VALUES(1,0,1,0,0,0);
INSERT INTO `CO_USECASE_ACTION`(`ID`,`CO_USECASE_ID`,`CO_ACTION_ID`,`CREATEDBY`,`UPDATEDBY`,`DELETED`)VALUES(2,0,2,0,0,0);
INSERT INTO `CO_USECASE_ACTION`(`ID`,`CO_USECASE_ID`,`CO_ACTION_ID`,`CREATEDBY`,`UPDATEDBY`,`DELETED`)VALUES(3,0,3,0,0,0);
INSERT INTO `CO_USECASE_ACTION`(`ID`,`CO_USECASE_ID`,`CO_ACTION_ID`,`CREATEDBY`,`UPDATEDBY`,`DELETED`)VALUES(4,0,4,0,0,0);
INSERT INTO `CO_USECASE_ACTION`(`ID`,`CO_USECASE_ID`,`CO_ACTION_ID`,`CREATEDBY`,`UPDATEDBY`,`DELETED`)VALUES(5,0,5,0,0,0);
INSERT INTO `CO_USECASE_ACTION`(`ID`,`CO_USECASE_ID`,`CO_ACTION_ID`,`CREATEDBY`,`UPDATEDBY`,`DELETED`)VALUES(6,0,6,0,0,0);
INSERT INTO `CO_USECASE_ACTION`(`ID`,`CO_USECASE_ID`,`CO_ACTION_ID`,`CREATEDBY`,`UPDATEDBY`,`DELETED`)VALUES(7,0,8,0,0,0);
INSERT INTO `CO_USECASE_ACTION`(`ID`,`CO_USECASE_ID`,`CO_ACTION_ID`,`CREATEDBY`,`UPDATEDBY`,`DELETED`)VALUES(8,0,11,0,0,0);
INSERT INTO `CO_USECASE_ACTION`(`ID`,`CO_USECASE_ID`,`CO_ACTION_ID`,`CREATEDBY`,`UPDATEDBY`,`DELETED`)VALUES(9,0,15,0,0,0);
													/*bpartner action*/
INSERT INTO `CO_USECASE_ACTION`(`ID`,`CO_USECASE_ID`,`CO_ACTION_ID`,`CREATEDBY`,`UPDATEDBY`,`DELETED`)VALUES(10,1,1,0,0,0);
INSERT INTO `CO_USECASE_ACTION`(`ID`,`CO_USECASE_ID`,`CO_ACTION_ID`,`CREATEDBY`,`UPDATEDBY`,`DELETED`)VALUES(11,1,2,0,0,0);
INSERT INTO `CO_USECASE_ACTION`(`ID`,`CO_USECASE_ID`,`CO_ACTION_ID`,`CREATEDBY`,`UPDATEDBY`,`DELETED`)VALUES(12,1,3,0,0,0);
INSERT INTO `CO_USECASE_ACTION`(`ID`,`CO_USECASE_ID`,`CO_ACTION_ID`,`CREATEDBY`,`UPDATEDBY`,`DELETED`)VALUES(13,1,4,0,0,0);
INSERT INTO `CO_USECASE_ACTION`(`ID`,`CO_USECASE_ID`,`CO_ACTION_ID`,`CREATEDBY`,`UPDATEDBY`,`DELETED`)VALUES(14,1,5,0,0,0);
INSERT INTO `CO_USECASE_ACTION`(`ID`,`CO_USECASE_ID`,`CO_ACTION_ID`,`CREATEDBY`,`UPDATEDBY`,`DELETED`)VALUES(15,1,6,0,0,0);
INSERT INTO `CO_USECASE_ACTION`(`ID`,`CO_USECASE_ID`,`CO_ACTION_ID`,`CREATEDBY`,`UPDATEDBY`,`DELETED`)VALUES(16,1,8,0,0,0);
INSERT INTO `CO_USECASE_ACTION`(`ID`,`CO_USECASE_ID`,`CO_ACTION_ID`,`CREATEDBY`,`UPDATEDBY`,`DELETED`)VALUES(17,1,16,0,0,0);


